id,nombre,apellido,dni
1,Halley,Swatten,6577581045
2,Ketti,Booth-Jarvis,3621281401
3,Brnaba,Lyven,3056633060
4,Berkley,Rocca,5941544383
5,Rozanna,Nekrews,8886782985
6,Agosto,Spoole,7344552078
7,Xerxes,Thorburn,8523790772
8,Hadria,Beccero,7657392142
9,Layne,Ximenez,2917165510
10,Cyndie,Franzini,5606239671
11,Ralph,Benedetti,2994336111
12,Dory,Bendig,2922058085
13,Lin,Vasiliev,4508269435
14,Giffer,Sleeny,2419450078
15,Sheba,McRinn,9770001368
16,Sadella,Bertomier,5118488680
17,Marian,Thompkins,0697405648
18,Fredrika,Tewnion,4780291232
19,Fanechka,McAndrew,8706211240
20,Roarke,Torel,2149515601
21,Olag,Goncaves,0550923535
22,Grannie,Turk,0816641943
23,Haroun,Fermer,4679884983
24,Gweneth,Renoden,9191754399
25,Paola,MacAlaster,4712033061
26,Caprice,Pridding,4631215461
27,Stacee,Sevitt,1278691332
28,Alphonso,Fairey,0750147059
29,Ileane,Benne,7097003286
30,Tirrell,Ridett,0619998008
31,Maybelle,Vennard,7161340527
32,Nickolai,Schwartz,7523201105
33,Sharla,MacAllen,3281535674
34,Claiborne,Pitkethly,1614167680
35,Allistir,Pavlenkov,2056358964
36,Daryn,Densumbe,2262155267
37,Albert,Coppins,4673989910
38,Abigael,Challinor,9428569771
39,Lelah,Siss,7898932196
40,Bruno,Scalera,8458611333
41,Robinet,Quinane,4814894155
42,Tammie,Gislebert,0004683641
43,Marthena,Cosbey,3339144532
44,Timmie,Swire,8803758127
45,Felicle,Prattin,2568906944
46,Alwyn,Jenney,3157826913
47,Merrile,Cathcart,5186703273
48,Sheffie,Caspell,2335064169
49,Charita,Storry,9098474241
50,Marchall,Armstrong,1550639161
51,L;urette,Birtwhistle,2536475530
52,Marty,Theriot,6590623074
53,Tiebout,Justis,4867532975
54,Sonja,Capponer,5546699140
55,Tucky,Abrahamovitz,7018973635
56,Rhys,Blunden,4894389339
57,Tucker,Nears,2879375193
58,Aura,Burlingame,7220007876
59,Anestassia,Warfield,7240072843
60,Doloritas,Furphy,3876414199
61,Gwendolyn,Britch,3328856005
62,Ardra,Harken,6924573983
63,Julietta,Shillabear,8199805625
64,Denni,Kearle,1374756288
65,Sileas,Duker,6724412641
66,Victor,Ridgwell,7045504950
67,Berkly,Longmaid,6657720114
68,Gerhardt,Buckam,4574346809
69,Daveen,Gallyhaock,4027423100
70,Flin,Dedrick,2703059019
71,Kev,Richie,5567545142
72,Karim,Conaboy,7252802280
73,Blakelee,Stillgoe,4496852411
74,Tobey,Canty,1605591696
75,Shauna,McCraw,4577232863
76,Fairfax,Casson,7483449632
77,Cristionna,Widdowes,6467693698
78,Jacob,Drought,0760204217
79,Gilemette,Breazeall,0611000202
80,Lanna,Shervil,1464651728
81,Stan,Scogings,1484308735
82,Bartholomeus,Gally,0457402938
83,Addy,Lorie,8877466146
84,Fritz,Fritzer,3988956279
85,Lind,Boggis,5651569901
86,Ezekiel,Whellans,4035595985
87,Otho,Balsom,7025826723
88,Cristabel,Larder,4790427722
89,Trenna,Grahlman,1366730615
90,Emili,Bolzmann,0864196075
91,Cointon,Hymers,5882077109
92,Frederica,Gosforth,1773553070
93,Hilly,Bridgett,3199321178
94,Celestina,Fidelli,2865778355
95,Darice,Skirrow,4253519601
96,Rea,McMoyer,4598597151
97,Sadella,Dawidsohn,4175651713
98,Ted,Gristhwaite,9191990939
99,Sansone,Aspin,8611552768
100,Janith,Bridell,0393235785
101,Kippie,Cropper,2589589484
102,Torrin,Parkyn,6958542649
103,Lebbie,Humberston,6840095177
104,Abner,Summons,9571173673
105,Amberly,Capon,7701378030
106,Missy,Handrock,5308085579
107,Devi,Binton,0703274163
108,Chicky,Yukhnov,3142160868
109,Viole,Keattch,4735607935
110,Trenna,Martensen,2973556503
111,Shaine,Volk,9316792002
112,Erin,Parnall,2331350752
113,Danit,Ondrousek,5291957042
114,Ugo,Hymus,4011334871
115,Allard,Broad,0764653377
116,Dionne,Overstreet,6528638098
117,Monty,Challenger,4060235393
118,Niccolo,Fessler,2776799063
119,Tobie,Bordis,5483969324
120,Yuma,Jobbins,4544724511
121,Charlotta,Tuffey,0351111603
122,Timofei,McGarvey,7278128773
123,Cherish,Essery,1830343858
124,Valerye,Longland,0748544941
125,Bernette,Badder,1009455788
126,Dorothee,Thiese,4602677983
127,Sven,Dovey,1331858364
128,Nathan,Cockhill,6315440150
129,Reuven,Cregg,4466612234
130,Cyndi,Beahan,9373410954
131,Olenolin,Kearney,6275699124
132,Stacey,Verne,5171797579
133,Nanni,Whiterod,4529387968
134,Andie,Kinvig,2536865746
135,Laurence,Nears,8474962366
136,Rossie,Gentsch,4633325752
137,Tod,Fullard,6242325322
138,Norean,Ealden,8477199108
139,Ellette,Lathleiff,4117572180
140,Ronni,Kelleway,0211799130
141,Vladamir,Grzegorzewski,9463482458
142,Seumas,Oleksinski,3299751018
143,Tasha,Brokenshire,0008004668
144,Ezmeralda,Frondt,0534845835
145,Nye,Petruk,7880717374
146,Myrtie,Aizikowitz,3389683275
147,Natty,Domingues,9516446159
148,Elvis,Leat,3273590599
149,Cristine,Gain,3571054326
150,Brnaba,Pridding,6265681648
151,Valerye,Flipsen,3885564904
152,Christine,Gatfield,1462985602
153,Pauletta,Garrie,6224693153
154,Sara,Niese,2094670791
155,Burgess,Crimp,3411625333
156,Allie,Yukhnov,6223782160
157,Ansell,Wolsey,6257547482
158,Garrik,Westman,3482080658
159,Cosmo,Torry,2491811863
160,Melisande,Jurczyk,3729740849
161,Sophia,Henworth,8870225321
162,Herta,Behn,1286292980
163,Sunny,Staniland,0854653309
164,Molli,Churchward,4850301487
165,Elnar,Brett,4830937882
166,Estella,Foskin,8764806898
167,Naoma,McCord,5222322572
168,Renard,Stevenson,1579364322
169,Cassandra,Devenport,2405982374
170,Vivyan,Hedylstone,3610819731
171,Joanie,De Zuani,8324609814
172,Gerry,Cescoti,1253367515
173,Jeremie,Bergeon,9680338924
174,Trenna,Cockburn,5524273779
175,Cassandre,Tuckett,8623048075
176,Mary,Capini,3435610751
177,Danit,Clymer,4481595809
178,Kaitlynn,Rives,1135309892
179,Carry,Lebreton,7785911738
180,Clio,Thirst,2095870387
181,Dari,Curedale,7624191636
182,Francesco,Emtage,3047745889
183,Vernice,Crevy,2872056815
184,Maren,Newns,2394628979
185,Fredericka,Farrow,7505677551
186,Charlean,Petrolli,5620072177
187,Darsey,Phillimore,9450331871
188,Pollyanna,Casini,3168645613
189,Ernie,Bollum,7601115321
190,Haily,Mathivat,6622837732
191,Sherwynd,Hartland,6755536350
192,Bronny,Boughtflower,9202556520
193,Elicia,Graddell,3045101968
194,Amabelle,Kilpatrick,4226115651
195,Hilly,Postans,6592977531
196,Adrea,Melarkey,3100020707
197,Merwin,Greaser,7094856695
198,Riccardo,Martyn,6307937351
199,Virgina,Mandel,0746247346
200,Emily,Attock,0810543958
201,Rozalin,Jeandet,7933267548
202,Lilla,Redfern,3147180115
203,Benjie,Spur,2247915604
204,Malinda,Pitchford,4445930164
205,Karlik,Shovelton,7532118762
206,Kathie,Moulsdale,5254431733
207,Kare,Malyan,2495177867
208,Nerissa,Pinnock,2749958385
209,Berrie,Annott,7956441854
210,Fraze,Mc Dermid,8001788083
211,Broderick,Cargon,3520776987
212,Perle,Bottrell,8897878806
213,Thatch,Fairfull,2753515034
214,Gav,Noni,0726751855
215,Darn,Fewtrell,1008345822
216,Link,Witts,9488455578
217,Keeley,Wickerson,8425226775
218,Niko,Giamuzzo,0751471445
219,Burr,Bartolomeo,0168158809
220,Granger,Lyon,4658984989
221,Nowell,Marklund,3664860284
222,Carolyne,Trehearn,6435628424
223,Antonietta,Butner,5517860192
224,Abbey,Arnowitz,1376184354
225,Meagan,Gibling,4032271607
226,Carlina,Androck,0778331954
227,Giulietta,Burdfield,6943754858
228,Normand,Scala,5672173071
229,Timmi,Drivers,6545515993
230,Sascha,Somerset,4794836384
231,Luisa,Trace,9023858662
232,Ramsay,Ciepluch,3854551223
233,Gusty,Bygott,8054848986
234,Laney,Guiden,3458368558
235,Portia,Grichukhanov,9498723605
236,Georgeanna,Leetham,8493506567
237,Aldwin,Burrass,9122148817
238,Orbadiah,Worviell,5425491980
239,Tiffi,Godfroy,2107657947
240,Pip,Kemster,8528239683
241,Hube,Chiese,1528288432
242,Kori,Froggatt,9174191578
243,Marvin,Virgin,4383507182
244,Lorry,Batey,6703458936
245,Iris,Manion,6619777007
246,Teddy,Temblett,2918234958
247,Keeley,Finan,4935497254
248,Truda,Wynett,2697966773
249,Ciel,Lawler,2375191811
250,Kassie,Petherick,3457673039
251,Granville,Roiz,7524258402
252,Steffi,Eaden,8965401070
253,Munroe,Parysiak,3444190565
254,Giorgi,Lumox,5721723572
255,Lazare,Simpkin,4314832444
256,Jyoti,Davidek,0790438267
257,Geralda,Dorant,1532209738
258,Zebedee,Cleynaert,0894758055
259,Lucho,Bednell,1532197330
260,Adelind,Hollows,4498976606
261,Ara,Zeale,1225220521
262,Lizzie,Rawll,5328343484
263,Solomon,Bogue,2072104262
264,Elsbeth,Matthiesen,2842258509
265,Hill,Guidera,6092272776
266,Xerxes,Hoys,0468504230
267,Madison,Butterfield,5081284912
268,Maje,Pywell,4963189097
269,Broddie,Cardenas,6688667126
270,Otho,Paddie,2619937469
271,Nerti,Sycamore,5487209510
272,Orelia,Blance,5775627989
273,Maressa,Siseland,3571841247
274,Ingar,Walbrook,4693615994
275,Barth,Mitton,3676127013
276,Christen,Tarborn,6708528533
277,Oberon,Wyre,8886759002
278,Celesta,Falloon,5179655676
279,Merry,McCane,5799525620
280,Erich,Secretan,4899351313
281,Hewie,Fould,4203904552
282,Doretta,Bris,3036103414
283,Katha,Slight,7642451806
284,Alane,Bessett,9541953239
285,Lev,Batecok,0872275124
286,Andris,Yonnie,6482008739
287,Katie,Ingliss,6247878745
288,Frannie,Pitt,8047806610
289,Roseann,Grayshan,0945109814
290,Costanza,Gotthard,9688411930
291,Myer,Haley,0025144251
292,Farra,Blondel,7682963980
293,Gauthier,Olrenshaw,5201631177
294,Derward,Gooley,1825023646
295,Leslie,Eilhersen,2084216907
296,Berky,Scimoni,7095954968
297,Gabie,Gloucester,8949169576
298,Neill,Quest,4824510848
299,Belle,Flatman,8548420707
300,Sande,Boggas,1885647980
301,Lynn,Padilla,2477233491
302,Mead,Celier,1810582342
303,Winne,Neaverson,3589114894
304,Tressa,Kinnin,5038450296
305,Wilone,Zuann,5099872220
306,Arel,Seifert,4673203623
307,Shannon,Bezant,7147649141
308,Augustina,Welsh,4082858997
309,Ann,Stephen,8793848927
310,Celina,Ortells,6283193463
311,Herschel,Paulley,5525984555
312,Olenka,MacConneely,3877496598
313,Levi,Hoffner,7508883969
314,Stoddard,Yglesia,9504982530
315,Ingaberg,Gerkens,7597691629
316,Benedict,Dickerson,6660810900
317,Obed,Gillis,3298534560
318,Korry,Marchetti,1043724842
319,Ogdon,Benez,8502091921
320,Angeli,Farnfield,4360963688
321,Trish,Thorp,1518684831
322,Brnaby,Farnhill,1101785403
323,Maxy,Corteney,1146433360
324,Fleur,Willox,3953027034
325,Ode,Beasant,4236877937
326,Arvy,Oxnam,8319503531
327,Rana,Lumsdall,2757863355
328,Ulrikaumeko,Mirfield,4180173840
329,Cullen,Rangeley,6442934519
330,Chase,Orringe,8304653796
331,Poppy,Janiszewski,4950781413
332,Kimball,Simonou,1812276850
333,Jonathon,Ackland,5022139251
334,Vladamir,Chateau,2917399244
335,Maggi,Garbett,8126568585
336,Sloane,Ilyukhov,6690385876
337,Minna,Rassmann,4163166661
338,Selia,Biskup,4969441359
339,Lesley,Barclay,4610388596
340,Cristie,Nelligan,5481956020
341,Brad,Chieze,8831447963
342,Ives,McCritichie,7273057517
343,Moses,MacKerley,8916487374
344,Kat,Candy,1145718299
345,Megan,Capstake,8553763633
346,Sergent,Reitenbach,5700008343
347,Rickert,Rosenzveig,9714572339
348,Karine,Lestor,8287602416
349,Dwight,Haughian,2813880655
350,Alaine,Scawn,3984933371
351,Sherilyn,Pykett,6554142037
352,Yoko,Britner,0567493156
353,Krishnah,Shrubshall,7698602885
354,Hedvige,Reen,3817732155
355,Noel,Wilks,9845840116
356,Astrid,Berresford,9323187437
357,Neron,Majury,0402507797
358,Ricardo,Veque,1303577836
359,Lenore,Ezzell,2657853536
360,Dorie,Cowlard,7478322808
361,Garrard,Espadero,9969302116
362,Caryn,Leefe,5986773136
363,Free,Lazar,5632344614
364,Oberon,Grierson,8616882820
365,Urban,Agerskow,3384352122
366,Marilyn,Wigg,6763717237
367,Nikolos,Bigly,1005867283
368,Manolo,Hebbs,7814840708
369,Glynnis,Eginton,7302448485
370,Esdras,Pakeman,4503877232
371,Henka,Kornilyev,7229690900
372,Rozina,Piccard,4282629770
373,Conroy,D'Andrea,1665919132
374,Pearla,Foxworthy,2145439498
375,Mead,Dunston,7844981547
376,Jaine,O'Crigan,9451734198
377,Darcy,Moorhead,2212061102
378,Hollis,Mersh,8472822346
379,Kevon,Gotch,1673647421
380,Rozanne,Ollington,1915363136
381,Rafferty,Windebank,1139150847
382,Analise,Di Bernardo,0321003179
383,Finlay,Yearron,5159153969
384,Lenna,Koppke,9122132708
385,Penelope,Yankishin,4315679755
386,Karlens,Tanti,0073558540
387,Leonerd,Phant,0065363418
388,Fey,Gilhoolie,3479792189
389,Roi,Hanvey,3614893014
390,Saba,Novichenko,6601003980
391,Brunhilda,Ayer,8793894465
392,Lance,Clemmey,2873717920
393,Winifield,Retchless,0510273157
394,Brigida,Teacy,6203495867
395,Nanon,Genn,2442595001
396,Joycelin,Doneld,4859245350
397,Dougie,Salzburger,7236217778
398,Flora,Kohrding,2825017655
399,Shurlock,Immings,7744331540
400,Corabel,Lambard,1923195190
401,Timothea,Ratazzi,4360813503
402,Jewel,Raccio,6842241456
403,Tristam,Busfield,7087552627
404,Crystal,Muddicliffe,3307386808
405,Nevin,Mcettrick,2892475023
406,Marabel,Kennea,6794255561
407,Maureene,Poizer,5679397110
408,Chevalier,Covert,7601627152
409,Sonnie,Milhench,9146439765
410,Carola,Bridal,7562958599
411,Margette,Gillyatt,2268869156
412,Lonee,Overshott,9234928334
413,Taddeusz,Gowrie,4033923330
414,Gregg,Negus,0987846477
415,Theresa,Madison,1522720871
416,Hugibert,Nouch,9091085606
417,Teddie,Tidbold,4765991865
418,Claiborn,Inseal,7253467175
419,Kimble,Mackro,8809842286
420,Kellen,Seeney,7687415973
421,Joline,Pennington,5952464874
422,Sasha,Dullingham,5202624743
423,Washington,Noice,1369457111
424,Ira,Wolfe,8242212074
425,Dominique,Swinbourne,7844641355
426,Claretta,Frohock,5106677130
427,Annamaria,Doe,0434924741
428,Kora,Gorelli,4518659643
429,Ira,Maddaford,4373878153
430,Latisha,Verney,2692467272
431,Mufi,Furlow,2048825095
432,Winna,Gentle,6722288838
433,Sherilyn,Kinnoch,8869533883
434,Terence,Frankish,5940667457
435,Abey,Ramm,3360361989
436,Sutton,Guerreiro,3630723586
437,Theressa,Von Oertzen,3854906757
438,Stephanus,Restieaux,0492887896
439,Fabe,Maken,8470136992
440,Katya,Thurstance,0668803533
441,Lavinie,Levecque,4174951306
442,Issi,Jarrold,6784317386
443,Crosby,Paulo,6458141971
444,Ninon,McDoual,9671447643
445,Kahlil,Nursey,3417527449
446,Ethel,Hendrik,8815256032
447,Celene,Keelan,9765938667
448,Lindsay,Ygou,3740023694
449,Erastus,Romer,1071652478
450,Kimball,Tourot,0678194343
451,Ursulina,Willmetts,2875879340
452,Roshelle,Togwell,8606852368
453,Minor,Varndell,0495300802
454,Paton,Wiggall,8087667204
455,Imogene,Lodden,2721750038
456,Duffie,Roots,8867475231
457,Luce,Newson,9644602862
458,Baldwin,Reeken,7721822556
459,Ladonna,Byfford,1049986423
460,Vinita,Lealle,8200260313
461,Somerset,Durrell,4121397703
462,Carolina,Trowel,5482367150
463,Dudley,Mantz,5316881354
464,Andy,Orange,2140668685
465,Frederic,Wands,2266712969
466,Leonerd,Dunniom,5226364881
467,Harriot,Yerborn,1154932877
468,Fonsie,Carah,2163033902
469,Albertina,Pengelley,9685883041
470,Jody,Fiddian,9221173070
471,Bili,Yockley,5586522799
472,Konrad,Dreelan,3973957061
473,Oneida,Lismer,0578919842
474,Bonnee,Lissaman,9142874483
475,Oralle,Lusher,1198230932
476,Babbette,Abram,1036548678
477,Hal,Leggott,6963340943
478,Gunter,Brownlea,9055178853
479,Diahann,Cotte,5519225435
480,Cindra,Teresa,4702178148
481,Morena,Leversuch,5827183830
482,Roxanna,Howarth,5925675258
483,Harlen,Hellyer,4344613961
484,Di,Pottes,2405538032
485,Melloney,Hart,5992010203
486,Fowler,Losseljong,8575228447
487,Justina,Gheerhaert,3189970130
488,Livvy,Brunskill,3804316905
489,Humfrey,Muneely,7460222208
490,Rana,Suscens,9998064880
491,Dyana,Alvarez,6091354795
492,Dyanne,Mapstone,0218301480
493,Georgia,Manuely,3209262551
494,Auberta,Brehault,8273844803
495,Vincent,Allmann,4543502957
496,Murielle,Keller,1736161210
497,Augustina,Castree,0021181616
498,Beitris,Lamcken,9449404364
499,Binky,Osban,6909267923
500,Mela,Giberd,6105988087
501,Suzi,De Malchar,1656611627
502,Charleen,Meagher,2519519096
503,Willy,Broome,0821571532
504,Lianne,Albin,7954765962
505,Melina,Waymont,0857879472
506,Arel,Mackelworth,8341665972
507,Eryn,Persent,0717329461
508,Marcille,Hollow,5127810778
509,Rosella,Lamplugh,9557803428
510,Tarrance,Tesimon,4553913380
511,Malinde,Rookeby,4927220958
512,Camille,Reck,4362157395
513,Martin,Philbrick,6591904794
514,Fonzie,Vannuccinii,8250767977
515,Adrien,Irons,8444230146
516,Geralda,Henniger,1119570255
517,Lonna,Stangoe,4745207883
518,Anissa,Spini,0552031305
519,Coralie,Luberti,4211146688
520,Cristen,Bees,8590851125
521,Delia,Tapper,3550170599
522,Luis,Blackwood,0291894550
523,Lynea,Brunsden,2567545336
524,Charmane,Berggren,6263972319
525,Kate,Morrant,3172756513
526,Nessie,Coltan,9443403188
527,Ximenez,Illesley,2914268904
528,Brook,Slay,8351699950
529,Drusilla,Willcox,7898500709
530,Fidel,Coulson,7338046417
531,Jackie,Cluney,7124941660
532,Aeriell,Axell,5397945463
533,Heidi,Antrim,2137669552
534,Desirae,Paulucci,9074200397
535,Ingram,Haggerty,8889437383
536,Caritta,Fowles,9673708614
537,Bari,Tabert,3422048065
538,Remington,Allderidge,5049204623
539,Rodrique,Bastard,6998376642
540,Valaria,Saiz,1440435189
541,Glori,Will,3332625217
542,Dara,Huzzey,2774664195
543,Page,Olenichev,0106567292
544,Ber,Lavall,2280473860
545,Jasun,Lorek,6246840353
546,Preston,Signe,2295264863
547,Orv,Digginson,5234468224
548,Lissa,Collibear,2358872334
549,Alia,Breagan,3440097463
550,Ado,Nibloe,9771828452
551,Chaunce,Brockbank,8319330343
552,Corly,Springthorp,7730066750
553,Madelaine,Howie,8439037414
554,Franzen,Hasely,2582855510
555,Delora,Radbond,2916877959
556,Christen,Gapp,8771962476
557,Raynor,Buffery,0174274505
558,Delano,Dodamead,2206758105
559,Emilee,Aurelius,4741522288
560,Cob,Ruse,8799787210
561,Allyce,Billes,2963220022
562,Ardra,Stook,5604037559
563,Gerardo,Metterick,6503163045
564,Martguerita,Vreiberg,8795590005
565,Almeda,Merrill,2318352690
566,Heriberto,Brunone,3968093038
567,Ronni,Mancer,9611293488
568,Jeremie,Scorah,1919836489
569,Aila,Weatherill,3414260441
570,Danyette,Balnaves,6242525585
571,Archibold,Sheppey,0931745357
572,Ivonne,Dingwall,0422675636
573,Virginie,Arbuckle,1738966445
574,Rycca,Corteis,1670595064
575,Dev,Ecob,7831467513
576,Tori,Baurerich,9320385882
577,Lenard,Sidebottom,1895635551
578,Massimo,Nixon,8325795530
579,Theresina,Bohje,8447435741
580,Lizzy,Fallanche,4489926111
581,Charleen,Olifaunt,8795567437
582,Vikky,Gladyer,7743957306
583,Silvester,Quemby,5639763868
584,Ewell,Jellard,7992799895
585,Fanechka,Housden,2890058298
586,Mala,Weld,5714155246
587,Eziechiele,Beahan,1759254223
588,Lucita,Fisbey,7077703118
589,Brody,Knappen,0206347715
590,Wallis,Jowle,5546851023
591,Gypsy,Mcimmie,3268817564
592,Stephani,Iglesias,1951088212
593,Zola,Creebo,6110142417
594,Cecil,Tomsen,7597588526
595,Muriel,Enrietto,9627727164
596,Dalia,Coopman,6487771058
597,Viviene,Landal,5949477111
598,Denny,Devonport,7802783534
599,Janith,Charnley,4713182052
600,Erasmus,Van Der Hoog,4606210737
601,Sherrie,Soane,7654541147
602,Stanislaw,Dunkerley,1748910175
603,Annmarie,Bricket,5533487484
604,Katee,Stredwick,9258824008
605,Faber,McRory,4781939333
606,Dagny,Casewell,7489301947
607,Noelyn,Christol,9558474010
608,Alexa,Tampion,9709239619
609,Ody,Ramet,7164797560
610,Alon,Leaton,6440679651
611,Thorn,Lodin,7592340828
612,Elysia,Sommerlie,8362808985
613,Camila,Fearnall,6385487911
614,Daryle,Thunderman,8301162996
615,Dione,Hubberstey,1017583943
616,Jeanne,Rillstone,3337933696
617,Bruno,Hoffner,2633671748
618,Raffarty,Bollin,5565030307
619,Vyky,Collinwood,9845180078
620,Aldis,Skough,4710337659
621,Leola,Fullun,6805428319
622,Velvet,Melato,2804980162
623,Antonius,Maccrae,5751182189
624,Aleta,Housam,1088668445
625,Almeta,Basten,8883186214
626,Gilberta,Sidebottom,5172354514
627,Pablo,Gannon,5371071415
628,Killian,Tinmouth,7369748251
629,Harry,O'Brollachain,1220134228
630,Priscella,Kitt,1716565111
631,Alaine,Djurevic,8789261305
632,Fiona,Sendall,7730919141
633,Auberon,Stillert,2419940660
634,Aluino,Massow,5653173886
635,Almeta,Zorzutti,4637036550
636,Joel,Meran,6965023589
637,Tatiania,Jedrzejczyk,3241594874
638,Carmelia,Corns,7194880032
639,Gianina,Izatson,5649124442
640,Minne,de Mendoza,5517363695
641,Carrol,Dufall,5243582212
642,Fin,Wildman,4681633380
643,Oriana,McCotter,8168118537
644,Elianore,Drewson,2470815355
645,Jenna,Finnick,4122240247
646,Dinny,Osgardby,4763863290
647,Kyle,Harbert,1592081541
648,Quintilla,Pepye,2528756410
649,Heall,McKeighan,3194816764
650,Mattheus,Baskerfield,0411773496
651,Cedric,Farlowe,3010288328
652,Madelyn,Girtin,8969526773
653,Inna,Ash,9211161169
654,Katti,Petrie,7170987775
655,Tabatha,Duckerin,1186905166
656,Normand,De Fries,0559805713
657,Jule,Thorpe,5684596215
658,Dinnie,Skough,1546687106
659,Zane,Vassel,0774295961
660,Freddie,Gimlet,2395569534
661,Theresita,Garlinge,4170405005
662,Aldrich,Shipp,2587612306
663,Lane,Selley,7970228461
664,Elyn,McMorran,0714197246
665,Annecorinne,Lys,0307009653
666,Lexine,Bougourd,3823914375
667,Alika,Penhall,5900496333
668,Jamie,Poole,0308832345
669,Nissy,Probey,7108905485
670,Nestor,Garriock,8435218228
671,Raf,Knapper,4252617502
672,Tine,Crab,4981495137
673,Adriano,Dulieu,8895679016
674,Sukey,Beals,8673918715
675,Alyse,Dei,6639930919
676,Josy,Cleminson,5809572804
677,Cariotta,Gallager,5515025121
678,Andres,Seamer,6356550112
679,Scarlett,Clayfield,6073230761
680,Shellie,Pamment,8206963928
681,Barney,Cornuau,5805031167
682,Donnajean,Dunnett,2165649765
683,Ernestine,Cunnington,0628954352
684,Cori,Wisbey,0990059898
685,Charisse,Jehan,3584042186
686,Marrilee,Dumphries,7446575050
687,Jonell,Middiff,4911424389
688,Betsy,Macbeth,7124768713
689,Finn,Janney,3969095883
690,Delia,Leech,5048617487
691,Rik,Boddy,1226640338
692,Karia,Barehead,1567709214
693,Chauncey,MacColm,4299290437
694,Fidel,Pacht,5483232291
695,Ellery,Pabel,2854207181
696,Enoch,Ginnell,4706740584
697,Hagan,Felderer,4608487094
698,Ardeen,Probbin,6686471410
699,Oneida,Leather,3014135003
700,Chad,Pritchett,4825779921
701,Averyl,Poulney,8809400933
702,Ronica,Copeland,7593828085
703,Birgit,De'Ath,2085493807
704,Kellen,Ballintyne,5976781683
705,Meghan,Denk,4969211728
706,Iris,Spencley,0718421256
707,Halsey,Stannard,8324086072
708,Ara,Grigs,4956168365
709,Port,Gutridge,8529728726
710,Tove,Milward,6570883496
711,Celene,Weatherup,0203193024
712,Arin,Press,8868019426
713,Zia,Ollerenshaw,2412166501
714,Nellie,Rahl,0256639221
715,Evania,Wenman,9631499286
716,Tedi,Brock,1776879937
717,Lydia,Befroy,5760307312
718,Kirstin,Pottell,9872961867
719,Nancey,Mullins,8469716999
720,Land,Emanuelov,9419157784
721,Jordan,Feldbrin,5392215890
722,Adrian,Killelay,7670280107
723,Teddy,Bramsen,3533054748
724,Lavina,Browncey,6816468767
725,Nert,Quinton,4667610654
726,Philippine,Perren,2624943188
727,Hubey,Kobisch,4475804418
728,Nevsa,Kaes,2055931768
729,Doralin,Chisolm,9869039480
730,Caril,Kmietsch,6360704285
731,Boycey,Gilmore,6978931810
732,Dov,Kedwell,2606574451
733,Gianina,Meran,0529258676
734,Jacquie,Beedle,2546701185
735,Filippo,Polson,9934756617
736,Jule,Melley,1198623683
737,Shawn,Domegan,6179451990
738,Cherri,Thacker,8410788373
739,Anabel,Spinello,2601681020
740,Angus,Dahlgren,8417555315
741,Etienne,Bernet,6193581766
742,Kailey,Ingle,9990155364
743,Katusha,Brickner,6545294903
744,Mac,Lafflina,1598925334
745,Ramsey,Bembrick,5770356065
746,Trina,Holttom,1322270880
747,Ora,Illem,7500571372
748,Elmira,Klosterman,0963901001
749,Georgetta,Crowe,6766117761
750,Merwin,Geldeford,4760900772
751,Hart,Corragan,4974269992
752,Constantina,Naerup,4083910852
753,Carney,Blaney,5551613798
754,Milli,Gulliver,9176352935
755,Elysee,Danat,7669517298
756,Derwin,Cardno,6657448759
757,Barry,Pevreal,4483916254
758,Phyllida,Duhig,9890921510
759,Mattie,Petru,9015951128
760,Corby,Bill,2918389668
761,Leonardo,Hubbins,6148999072
762,Dylan,Stoddart,2940996326
763,Babb,Dickenson,5122760012
764,Syman,Byfford,2439180882
765,Licha,Goncaves,1298037816
766,Sadie,Carayol,2431153681
767,Cordelia,Colpus,5524873199
768,Finlay,Scotchmor,9754227209
769,Glenn,Isitt,0261084380
770,Monah,Bexon,1390002918
771,Breanne,Robard,7849154851
772,Giorgia,Sheaf,0601532201
773,Damon,Maystone,7087660314
774,Hi,Freen,3945574668
775,Roana,Strickett,2347720074
776,Grannie,Lidyard,1032508469
777,Thadeus,Collcutt,3847112821
778,Waring,Lecointe,5171860769
779,Darrelle,Stanbrooke,7268241607
780,Lizbeth,Rowan,7342242225
781,Cedric,Blinder,9676716316
782,Tobe,Trundle,5003222505
783,Newton,Bulley,2168158576
784,Jolyn,Lannin,4894362848
785,Dolf,McGrann,4436504298
786,Stevy,Splevin,1323481923
787,Darb,Alliban,8496588025
788,Ward,Lilbourne,2297228473
789,Rudyard,Lampl,4032822875
790,Neddie,Romeuf,1334526915
791,Judie,Durward,3276664216
792,Ardenia,Wonfor,3458698094
793,Maddy,Soda,6079560518
794,Killy,Harrema,5940090737
795,Corette,Rudsdell,3887770749
796,Rowan,Bowcock,5403588426
797,Daffy,Towll,3810618861
798,Muire,Berrisford,4849378870
799,Bill,Duchasteau,0972146547
800,Rooney,Jordan,8639269246
801,Ham,Really,3095246382
802,Fabe,Schumacher,7915726447
803,Chuck,McNee,8077214185
804,Boigie,Wallentin,1422318192
805,Kym,Bassom,6986118864
806,Baxter,Cortez,9076899428
807,Flinn,Maplethorp,5745084340
808,Gwenneth,Gosby,2735053164
809,Haily,Giraldon,3219484727
810,Abdel,Reina,9588439973
811,Zacherie,Clowley,9301144948
812,Spencer,Adanet,6934702484
813,Shirleen,Merryman,9836906452
814,Mariam,Caudle,8186398813
815,Meris,Ciccottio,4764423464
816,Ebony,Iacovelli,2070952037
817,Bertie,Mackerel,5600055358
818,Jacquetta,Wetheril,1170057330
819,Charita,Allchorn,2903190194
820,Amandy,Hollows,9532824316
821,Mia,Roper,3053689081
822,Eldin,Furtado,1578214211
823,Moise,Heal,5407761467
824,Cly,Skrzynski,9172008008
825,Brenden,Tomaini,0023133058
826,Lindsey,McCrow,7176855358
827,Jenny,Kirvell,1107381630
828,Shoshanna,Belsham,9448354533
829,Harli,Screeton,6147767143
830,Randee,Crowdace,4296931040
831,Elmer,Raiment,5590083222
832,Byrom,Zoren,9374911175
833,Abner,Gyppes,3443479103
834,Johan,Joye,7667930244
835,Ashli,McMurtyr,1509428976
836,Marylou,Grog,1520439784
837,Rodd,Owbrick,6048712391
838,Mannie,Barbrook,2843803624
839,Shara,Huband,8397677453
840,Lonni,Hawket,4618837616
841,Cordie,Martinet,1872337333
842,Shaun,Stave,1627713271
843,Harwilll,Skace,3909127398
844,Raimondo,de Aguirre,4128004324
845,Rosalinda,Ruste,0499584910
846,Martguerita,Ovens,1165973510
847,Ezra,Axby,7782229537
848,Lilian,Handrahan,8582195664
849,Addison,Fairbanks,7328781904
850,Rab,Salkeld,1497722683
851,Mignonne,Gent,0433389966
852,Kathy,Loan,0502764562
853,Myrtle,Berkelay,0348056621
854,Cheri,Mugg,9551096134
855,Riley,Wadforth,7098652490
856,Albertine,Savine,7418052189
857,Aeriel,Helwig,0449106705
858,Darsie,Fendt,5833105560
859,Tucky,MacTrustam,6629671651
860,Whittaker,Bartoloma,0655709819
861,Jed,Balham,6554319557
862,Dahlia,Bontein,5956820675
863,Prudy,Kenna,4742015177
864,Viola,Fulop,1477737995
865,Cori,Trevers,9224429807
866,Elnora,Dorton,5755853150
867,Garwin,Flag,1557172625
868,Kaycee,Pettis,2193276153
869,Elana,Riccio,0691453950
870,Maren,Jime,3543447300
871,Noelle,Spratley,1786803925
872,Christabel,Bilborough,0916945073
873,Thain,Snar,2759076636
874,Rozalin,Eyton,6433362680
875,Curt,McPeice,4302928727
876,Jandy,Brumham,9670495172
877,Hubey,Daynter,3001929944
878,Rona,Capelen,9883698569
879,Wade,Gaine,1176696777
880,Timmy,Douty,7049609439
881,Freeland,Kubiak,1485419271
882,Gigi,Stockle,4830238887
883,Emelina,Jagels,3137710898
884,Erna,Leggen,7712021244
885,Elli,Timpany,4126520856
886,Linnet,Stanes,3828544843
887,Daniele,Rockcliffe,1993207201
888,Karly,Radcliffe,8699030703
889,Dalia,Gradon,2812040920
890,Cory,Howland,3360090128
891,Florence,Hallen,4850761569
892,Rahel,Bailes,0336919069
893,Mauricio,Jost,6664843609
894,Mathilde,Carillo,7353849169
895,Tyrone,Brundrett,5680046563
896,Edy,Blundell,2642136701
897,Kristopher,Chill,5039463200
898,Garvin,Duligall,7892629114
899,Gerek,Albery,4111736459
900,Kelcey,Triplett,7567562693
901,Gerry,Henriques,5107699219
902,Kris,Bransom,1507466757
903,Rice,MacAnespie,6522051206
904,Mikel,Ledur,2504784325
905,Amii,Clace,9523360760
906,Monro,Surplice,7906839102
907,Barney,Baddiley,9586103447
908,Godwin,Greystoke,5111150250
909,Guss,Taberer,6673028092
910,Karola,Willmett,1648106412
911,Venita,Panton,2639015664
912,Elihu,Dummett,8318471946
913,Gayel,Byforth,0435684817
914,Helen,Lapham,3336001218
915,Austin,Carden,8248795594
916,Anastasia,Philippart,4349805842
917,Ethan,Rivelin,5847344201
918,Larina,Sheering,4339519200
919,Kial,Ewbanche,7564425377
920,Shel,Lattie,9873789421
921,Annecorinne,Zannuto,8308936504
922,Vergil,Aherne,1728500419
923,Darby,Burcombe,8177425706
924,Haywood,Withringten,6295378021
925,Mavis,Thornber,0827926790
926,Rockey,Alleyn,1062561716
927,Emelita,Sirette,0535182457
928,Felipe,Maddison,8720177003
929,Meggy,Bretherick,4765345092
930,Kara-lynn,Newling,7270615691
931,Stillman,Wardall,1408424592
932,Peg,Zambonini,6213553991
933,Corney,MacGettigen,5597959182
934,Daisey,Dancey,3789122858
935,Case,Attride,6688836688
936,Elsy,Dukesbury,9217441074
937,Josee,Whittleton,8261792110
938,Andriette,Kupper,7229187486
939,Dianna,Oulner,3834786063
940,Faustine,Loghan,2405259354
941,Anjanette,Oxbrough,6064221429
942,Kelly,Fagge,0251828379
943,Vladamir,O' Donohoe,6709266508
944,Scarlet,Santon,6098862974
945,Reinhold,Jirieck,7245818207
946,Lynnea,Thewles,8568115047
947,Harriet,McKane,2844565093
948,Suzy,Westmorland,1679884891
949,Sibyl,Arminger,9517203705
950,Goraud,Epilet,2988603545
951,Tye,Locke,6286001190
952,Nathanael,Wooffinden,9056354426
953,Lonnie,Finnigan,1642782629
954,Richmond,Ziehm,5851197900
955,Sena,O'Reilly,0553324837
956,Rosetta,Rugieri,6899430835
957,Hamel,Baniard,3346910202
958,Leonid,Penhale,8720889992
959,Winne,Collum,6171767638
960,Sebastien,Lockart,5255051845
961,Renard,Castelow,2444053400
962,Poppy,Danilishin,2777162840
963,Joceline,Le Leu,7680056110
964,Hugo,Stealy,8218136452
965,Fidelity,Boorman,8115992771
966,Leontyne,Walczynski,0269093893
967,Concordia,McColl,2221818148
968,Electra,Jeavon,1351112783
969,Aliza,Mathon,9289570229
970,Taddeo,Vipan,0193150700
971,Daren,Hannay,2190168759
972,Brit,Pocock,4797876549
973,Onofredo,Wybourne,4422385755
974,Murdock,Westwell,1107677165
975,Kerry,Franek,2375359534
976,Jarib,Shillam,2015235434
977,Marlon,Heamus,5274183778
978,Henrie,Villalta,8207867582
979,Selinda,Mockler,6772974115
980,Jehu,Wassell,0497678144
981,Reinaldos,Chismon,3323201515
982,Dierdre,Boatwright,6733942445
983,Daryle,McClaughlin,9467211394
984,Terrijo,Roebuck,3269512295
985,Elyse,Bonifazio,6781514741
986,Orsola,Brockelsby,0041560272
987,Wylie,Curmi,2920498215
988,Rad,O'Hingerty,8357120105
989,Tommi,Ruppele,1985004887
990,Dani,Gilbride,2904783172
991,Claude,Tattoo,9015899169
992,Sara-ann,Klimsch,9009528545
993,Kitti,Foxton,0684951460
994,Quillan,Stallan,9968170720
995,Tildie,Osgerby,2666485048
996,Leigh,Blew,8286138147
997,Zaneta,Raspel,9490575356
998,Hadria,Lambert-Ciorwyn,4592770331
999,Augy,Buzin,1324877650
1000,Isabelle,Drewett,3651732770
